id,target
501,0.9501894006679963
502,0.00046832893099861203
503,0.9999999999998612
504,0.05635661838293167
505,0.2236546052264521
506,0.005212614672225655
507,0.43346907557967357
508,0.20457829970215538
509,0.0006852509332759463
510,1.3405446873134769e-06
511,0.004128146277846702
512,0.0010181900170868783
513,0.3416082249023074
514,0.004727130505116513
515,0.0013201523593119233
516,0.13802507400056144
517,0.0008664214913718989
518,0.06933293546378502
519,0.03514494929999176
520,7.754336051960289e-06
521,0.1551241524455833
522,0.01556487691897297
523,0.7085326112689213
524,6.119770566236898e-10
525,0.0005006524563140079
526,0.35617891822218706
527,7.37755175300203e-09
528,0.18832785147976536
529,0.03715645421422157
530,1.873838805804269e-09
531,0.0012173135532021955
532,0.004602918053262833
533,0.2345915697102099
534,0.0275306615164668
535,0.002237930747377735
536,0.0026237550986085204
537,0.6495878619236246
538,0.09720155603393692
539,4.853869671059702e-05
540,0.512474747665858
541,9.357540532590958e-07
542,0.23019584908814
543,0.020655719242175536
544,0.9823821850857776
545,0.0011317266336906772
546,0.6738522930699805
547,0.05152343238309178
548,9.112412821337373e-05
549,0.0039010886931133276
550,2.462592225143661e-06
551,0.19701638321452936
552,0.061948075939558415
553,0.0024798427575775783
554,0.4492460314766461
555,0.09068228071712078
556,0.004558115195543428
557,3.294362998600822e-06
558,0.41882748911230633
559,0.12333006099390803
560,2.497112672467706e-05
561,0.004246252697357797
562,0.0010744492208661755
563,0.82248463422671
564,9.192158509967959e-05
565,0.002007941849436787
566,0.0007045579373671009
567,0.001306132583749262
568,0.26729684633954354
569,0.08406695818204865
570,0.011890942201169286
571,0.01043328487549874
572,0.05327468998464422
573,1.8150215193813074e-06
574,7.96943146587264e-05
575,0.045469103627853225
576,0.10477916697374226
577,0.01406918858103683
578,0.0717641485904474
579,0.9365481868420371
580,0.000437205918728617
581,0.0005220856531259428
582,0.05056405287415612
583,0.16064888286296203
584,0.013652490025151464
585,0.563923989762284
586,0.28502768463153944
587,0.037614101318111874
588,0.003957188780512981
589,0.96407200275174
590,0.22154297971491763
591,0.9652504498193547
592,0.7374404262811854
593,0.0006669167259141934
594,0.7506446399343661
595,0.6615474567076929
596,2.3305969035517572e-07
597,0.016257702627935175
598,0.0006361893156620454
599,0.02763623815837633
600,0.0012641921503552984
601,0.046310769239040345
602,0.0009845655831529476
603,0.007768689447442274
604,0.11745979063457364
605,0.002710473444069526
606,0.08995932289479498
607,0.0005845549005396262
608,6.27317808888992e-07
609,0.00690492445606546
610,2.3604197488782606e-08
611,0.33956758829386285
612,0.10399207458590733
613,0.6603308899432824
614,0.31977304768697595
615,0.00010623055462009664
616,0.0025967722418457247
617,0.0013840869141033578
618,0.030856128847041225
619,0.010781724651012521
620,0.7392833534185109
621,0.8119068391974119
622,0.0006101320268804138
623,0.4048098693759056
624,0.05317091455500494
625,0.009438624409364802
626,0.01900829836926236
627,0.5373210312425036
628,0.006285336787055815
629,0.5863162297556817
630,0.04887129953546241
631,0.0006915355216203683
632,0.0003866231345982333
633,0.018069726254508173
634,0.2522170065686738
635,0.054930694985514145
636,0.1607647153356657
637,0.41377409515837005
638,0.05182640216068356
639,0.010474104930726869
640,0.004915298529400891
641,0.029142708976353654
642,9.165279330989017e-07
643,0.0015688464419868489
644,0.0870741431405352
645,0.9921671256296701
646,0.6371490236472048
647,0.14970095606980496
648,0.9997949058253266
649,0.005988759218386083
650,0.9715194093792665
651,0.008590199822090016
652,0.5242516093871052
653,0.1746826171279991
654,0.013372556113710861
655,0.06459781643633924
656,0.0022995091521717057
657,8.668470279432809e-05
658,0.00025158116809018214
659,0.03000059686438478
660,0.014178885041887405
661,0.9166585932398827
662,0.029716879192349787
663,0.8869088351977831
664,0.47776092595682673
665,0.0008242719326905007
666,0.38226267985242407
667,0.011944520701698547
668,0.7236671082817595
669,0.002634937211824337
670,0.0021928061749572755
671,0.0004187484619979727
672,0.001327448455325264
673,1.4760206710288556e-05
674,0.01832045492892564
675,5.597115509385381e-07
676,0.011449078399837468
677,0.02915003583299723
678,0.4784256209435087
679,1.840797949605412e-06
680,0.34297263840213227
681,0.000863955460799949
682,0.0005379435193029992
683,4.8795566999384825e-11
684,0.14750615170501757
685,0.9003957445239096
686,0.007476930491370079
687,0.010129334429604273
688,0.006458519071184151
689,0.0020713553690147575
690,0.0003739760224776102
691,0.13545354615900324
692,0.023094123054308566
693,0.20569482740258058
694,0.05220202091854521
695,0.10420262045106359
696,0.00016866643665665692
697,0.046326879217520496
698,1.3221777247208651e-08
699,0.023124870445019714
700,0.0008389036109665833
701,0.0002202765403961534
702,7.11317121299842e-12
703,3.643875717528965e-15
704,0.0005919732440148726
705,0.00027706663908585874
706,0.00021091203291247727
707,0.0008921294294964608
708,0.0144958571596143
709,2.9078994476583074e-07
710,0.9078763715063589
711,0.002724522633106824
712,0.008610138397273792
713,0.00013473146608729226
714,0.2614984889834436
715,0.017354723330505237
716,0.02091677022594979
717,0.015412076591986066
718,0.06384522629061563
719,2.147874968339297e-06
720,3.6581563076925765e-07
721,0.27758515973960013
722,0.0024417746440367387
723,0.026207855579185473
724,0.04321645381291676
725,0.0013877058078384716
726,0.0023676506477572595
727,0.6322823227491698
728,0.24817198489192327
729,4.540313633413702e-09
730,0.00019729392543221547
731,0.2873246165959742
732,0.001123106429425658
733,0.32444290970690465
734,0.0002746242295474821
735,0.9754323732034084
736,0.003671052859526938
737,7.377893490370384e-15
738,0.4420422491484795
739,0.9689668432462617
740,0.05640600242239305
741,0.9504414821940994
742,0.14711626659146163
743,0.13631526639490832
744,0.0003998981411715899
745,0.965997385951336
746,0.0012279534704231843
747,0.05503654472641586
748,0.21666414947766433
749,0.12691263115260573
750,0.9874898406044369
751,2.8641391694467526e-06
752,0.000303824976985202
753,0.7932204152503715
754,0.4671537357561462
755,0.003897712456559323
756,0.0034569581640584855
757,0.04432527387554355
758,0.0063373965634692785
759,3.141269732112543e-05
760,0.07535776773573298
761,0.836604723363274
762,0.03155869533349384
763,0.1957730838688276
764,0.9993406419669566
765,0.0008013504131964994
766,0.01210318436675759
767,5.075325827233131e-05
768,0.003910262840787707
769,0.00023034082940606867
770,0.2732829443214237
771,0.4694786524981654
772,0.0008112269362762705
773,6.518703181376386e-07
774,1.0410276606138929e-06
775,0.9487838329357474
776,6.0981428163271245e-06
777,0.018423195603709443
778,0.15813634148999398
779,0.016854962502686487
780,0.3290500207277727
781,0.20484930318062558
782,0.5344618342066514
783,0.006845664054347903
784,0.019928984111454398
785,0.004633265390057341
786,0.48400816194877555
787,0.3602716483503472
788,0.3894288743654045
789,0.0011603701515891511
790,1.1581992787440339e-05
791,0.012882285435329191
792,3.736626269438117e-05
793,0.021407964571733853
794,6.542602633316473e-05
795,0.014156791311686475
796,0.5609864727679751
797,0.010046725538816406
798,0.07740371813648506
799,0.0005597520477182582
800,0.697736179999001
801,0.2353744096166925
802,4.080010941109382e-05
803,6.417807469058951e-07
804,0.1314091223555295
805,0.24126331820536603
806,0.7719002616080738
807,0.00048005370887240395
808,0.008122942769727753
809,0.2833095384657748
810,0.7135259906757565
811,0.000598304877846939
812,0.9558437264087083
813,0.03981837502086374
814,0.005038605467527718
815,0.017236046534006583
816,2.6194476121709007e-10
817,0.018516461578594934
818,0.0070610442843373755
819,0.7460850817646784
820,0.5511422582683222
821,0.5216968027000177
822,0.00020089391808268526
823,0.00684842847763054
824,0.9949120868799838
825,0.00011961267563354852
826,7.436131537196197e-06
827,0.04482366638591524
828,0.06567687201851685
829,0.0012610725816446496
830,0.0033681575275237696
831,0.18284315666615292
832,0.021251038796856487
833,0.027460269754994732
834,0.23592230995614244
835,6.839011137043682e-07
836,0.22847388777804983
837,0.15358125971995296
838,0.0005397806811691341
839,0.549933316504697
840,0.006573433355816962
841,0.00013761364283117457
842,0.005064941012348521
843,0.6980823685568023
844,0.0003136005062233355
845,0.0029692197762821062
846,0.0036783218210817087
847,4.868219416233307e-05
848,0.12113109006760374
849,0.28044553624186536
850,0.48579436614688415
851,0.018376260971470226
852,1.4804482901112012e-05
853,0.0927811967977026
854,0.029319603183701665
855,0.0011299648848572968
856,0.48100839618170566
857,0.0020846236325534192
858,0.009670895413434726
859,2.531310516771235e-06
860,2.5314704329251467e-10
861,0.00010486706706925416
862,0.9261545193290273
863,0.02726955012624945
864,0.009290427421957768
865,0.01027603735533
866,1.4557367300477465e-06
867,0.0715518894150144
868,0.07025015437822758
869,0.00579247384377147
870,0.10723899313678001
871,0.10608217079923472
872,0.0006039600548286085
873,1.8116014178361718e-06
874,0.16574597528527468
875,0.0012036005737059861
876,3.430670246044409e-12
877,0.0694699042744856
878,8.984156143678751e-07
879,0.03678216209814058
880,0.004093746909041813
881,0.9156943593420329
882,0.009654256739973676
883,0.752336149405997
884,0.00011019216136349763
885,0.04636070168301452
886,0.0051326278433442805
887,0.00013246569550253288
888,0.0036006616146351633
889,0.8121985837426053
890,0.19432128644762706
891,0.15096775123819886
892,3.834178133746197e-06
893,0.0009049172172889596
894,1.9774473151997627e-07
895,0.10202124740927339
896,0.04323256454353195
897,0.0002475617331104038
898,0.013265215493495436
899,0.2990272081286576
900,0.05765847399371624
901,0.03343209421385514
902,0.30204687151314374
903,4.5948958409989434e-05
904,0.16169981127268965
905,0.007856223513008624
906,0.00018314175179858245
907,0.3282055369997636
908,0.7174512720218031
909,0.927730234505418
910,0.024980515787310597
911,0.02721163072287639
912,2.3568050685945547e-06
913,0.02651334813703394
914,0.8474942588100723
915,0.21043074361275027
916,0.8986203922677922
917,0.08601097449567843
918,0.3592384062592598
919,0.011271392713036968
920,0.040458147857188
921,0.00020167855754763686
922,0.004040222929812661
923,0.0001424715707893389
924,0.6770516670556784
925,0.0011735246859075153
926,0.25553568572495067
927,0.7775550336743703
928,0.0001444317807397758
929,0.006978355186763848
930,0.0025971057186589008
931,0.037124543396952425
932,0.10294822159141134
933,0.030372103985121066
934,0.00985373755522425
935,0.039344393467087235
936,0.005069447965469203
937,0.00010129528617350737
938,0.017336301760962812
939,0.0003922072677755221
940,0.9883193295781417
941,7.541898643803628e-05
942,0.0007316354391776226
943,0.0005414216574824529
944,0.1006726231934082
945,0.002906896217718102
946,0.12783292732757817
947,0.1188411538719439
948,0.7965172299864355
949,8.918442436976857e-05
950,0.008379469365703369
951,0.017423164918422444
952,2.937713023775778e-08
953,0.005706750398851567
954,0.04128876910458037
955,0.018033936109540707
956,0.003801095405703788
957,0.0012639681389655915
958,0.30551274307267073
959,0.002463336363662247
960,0.0043685127260765805
961,5.4426807639488446e-05
962,0.3158981760579821
963,0.004541192970633139
964,0.05485941407774483
965,0.013196626671923539
966,0.040505178271004874
967,3.0138942795423126e-06
968,0.012493909428704169
969,0.12149389892397545
970,0.12571470194894774
971,0.1984944628539705
972,0.003602887746987888
973,0.22715807655016731
974,0.12276825406390014
975,0.015204003580266759
976,0.0024168771551477475
977,0.003981209509532564
978,0.02760368635986364
979,0.46253117965740304
980,8.989047156546312e-06
981,0.0063637298031656514
982,0.0003433008710909632
983,7.486850319940762e-07
984,9.896285581416324e-07
985,0.010775112172150525
986,0.1920869988876074
987,0.027227372272749937
988,0.0281339109545803
989,0.2574215999717673
990,0.008592583045159604
991,0.00041366378571788066
992,0.3236259067694734
993,0.00035495567306538013
994,0.0009721607467729419
995,1.4042879037975119e-08
996,0.00425285877126849
997,0.0032568147677938647
998,0.14072665079094943
999,0.0015030818225071636
1000,0.008001547847445707
1001,0.009336742441305383
1002,0.000738353779104036
1003,0.0005763288166242818
1004,0.022619325045836428
1005,0.0009951770506142405
1006,0.05160356312241453
1007,0.3153326932573432
1008,7.573944869970386e-05
1009,0.004982587512554502
1010,0.28149220746256864
1011,0.016992346031214526
1012,0.0005269141230665616
1013,0.5692185777252915
1014,0.00029420442328177346
1015,0.15695966912939913
1016,0.1142739372188232
1017,0.6087733054627525
1018,0.012295181308628368
1019,0.152654071533387
1020,0.0067996089743400795
1021,0.0035268865146675186
1022,0.4329904225997713
1023,0.9164187483782904
1024,0.0012614520586814696
1025,0.04186042071181537
1026,0.042226028839963355
1027,0.02320222965346901
1028,0.984728128362104
1029,0.5700533946047073
1030,0.17235675243194634
1031,0.4718176007704198
1032,0.0007642594246133124
1033,0.0025755823373944014
1034,0.0011272362883472625
1035,0.008559728451111437
1036,0.05279107620690176
1037,0.000999394979295372
1038,9.989013506875365e-05
1039,0.00025376135817183277
1040,2.5634311727811023e-05
1041,0.687131598933771
1042,0.7342908432712203
1043,0.1264603233154452
1044,0.002565573591455299
1045,0.04327229891147348
1046,0.39429599379601304
1047,0.0732849268826522
1048,0.0029012203768625715
1049,0.0010514469803281502
1050,0.06725769366024081
1051,0.0009633560519041987
1052,0.3171882560849304
1053,0.11001125901264314
1054,4.829287871835992e-13
1055,0.028600992632734207
1056,0.0571348208209887
1057,0.37707410178974965
1058,0.042025085579588735
1059,2.9429854092574496e-05
1060,0.00020795674366642559
1061,0.1086688023570065
1062,2.6573726813061228e-05
1063,0.45405387969925437
1064,0.031003621700613024
1065,0.0017683115013770255
1066,0.048438770965642274
1067,1.3066790600185211e-05
1068,0.0016636713061016829
1069,0.0032650296257564176
1070,0.8514193888110174
1071,0.00030505147448562015
1072,0.0009328995605187385
1073,0.8528925043062744
1074,2.439827472058811e-06
1075,0.001118174582469118
1076,0.0008235437765085771
1077,0.00021137290811286627
1078,1.130096401382363e-06
1079,0.03458756042938968
1080,0.0023115711402736583
1081,0.03365341233272375
1082,0.0012587753651835992
1083,0.0073070090909498776
1084,0.007424006939037056
1085,0.1664861656318852
1086,0.7819404504900372
1087,0.08830101969662342
1088,1.7137050976483787e-08
1089,0.9679816393607886
1090,0.00025310927460331367
1091,2.562294553968803e-05
1092,0.0027718987279741945
1093,0.8632141173726805
1094,0.34630113909201293
1095,0.30553954757390445
1096,4.070558018259574e-05
1097,0.15429771652083862
1098,0.2194125399774005
1099,0.03680560947305793
1100,0.05022093114990879
1101,0.0055841123530583625
1102,0.0008271542589449695
1103,0.8400437720562206
1104,0.00033254158753223803
1105,0.007397720556438703
1106,0.0029259714101817855
1107,0.023875156179352708
1108,0.0003405221512773589
1109,0.004583367370551096
1110,0.00696898375687867
1111,0.8544128913929412
1112,0.004300385144501075
1113,0.7178372223114803
1114,0.09152727676617478
1115,0.016670036697841197
1116,0.43411804984765867
1117,0.6412451682552036
1118,0.0001435138957088449
1119,0.001024223625892031
1120,0.018496489620421133
1121,0.01585398594508031
1122,0.046990839986712246
1123,0.20804193300009094
1124,3.541499656227119e-05
1125,0.0005123293102144518
1126,0.19772987315777776
1127,0.0010985135225613078
1128,0.026167769159941227
1129,0.008362567285654253
1130,0.29399120335639234
1131,0.6538847934491787
1132,0.04191481874700532
1133,0.07233025070424057
1134,0.003291176888506539
1135,0.09745664924501656
1136,0.38659478596080576
1137,0.7193866713077531
1138,0.9698043362161773
1139,0.002818238140238518
1140,2.3900697457124198e-05
1141,0.014980225604462863
1142,0.026127506300272902
1143,2.152466619683808e-05
1144,0.9307614236537837
1145,0.00424007765853196
1146,0.0024579058094785266
1147,0.4646127882836587
1148,0.2087490895859653
1149,3.2925140970733744e-05
1150,0.002023754708475709
1151,0.7037871825791636
1152,5.949508817972603e-11
1153,0.0006486078451563612
1154,0.16142747127155213
1155,8.302395700028545e-06
1156,0.0005481926788180578
1157,0.054030333624786285
1158,3.714815797663059e-06
1159,0.19825159119518548
1160,2.7010346054113144e-05
1161,0.22483457026779147
1162,0.006989152147869637
1163,0.24778963851260197
1164,5.30632126655073e-06
1165,0.0002932096873318047
1166,4.517206990478052e-05
1167,0.044075164819047295
1168,0.004025564943468619
1169,0.004093783001052258
1170,0.33661764374023767
1171,0.022713843315092148
1172,5.206989342340998e-05
1173,0.015065865320524015
1174,0.003294635632782168
1175,0.0013530444583928112
1176,0.002176029998377544
1177,0.0016997109087771253
1178,0.2717688304518715
1179,2.3275774599975253e-05
1180,5.6254750134720765e-05
1181,2.4755398055495333e-07
1182,0.0026850837123047386
1183,0.004482187404720347
1184,0.005125050596307873
1185,0.6437712381566544
1186,0.5390183749399571
1187,0.007491393160537788
1188,0.9867740506572706
1189,0.5340358216701072
1190,0.16165059493713124
1191,0.00023253602269115875
1192,0.0005050216738821506
1193,0.04872336654078705
1194,0.12703334265219207
1195,0.025248858388493396
1196,0.2117876960380968
1197,0.0006744910539287827
1198,6.964165887876364e-07
1199,0.14539534981617572
1200,4.15645830285233e-05
1201,0.07663059542217113
1202,0.0019185060628256459
1203,3.049804016415077e-05
1204,0.0019431803902935885
1205,0.0007805802488822985
1206,0.0023384917725397503
1207,0.00016728073761156215
1208,0.4268740212617623
1209,0.10435111619403872
1210,0.11528745352882219
1211,0.008632139351908628
1212,0.7289167450242551
1213,0.0015698257040035117
1214,0.10758662804989115
1215,8.92707923743296e-05
1216,0.021769033408395057
1217,0.4510373909040498
1218,0.0005890712645336462
1219,0.0008896292725287453
1220,0.004149669876770906
1221,0.028940672940845753
1222,0.014521905146393194
1223,0.012522216852632263
1224,0.00427818398953346
1225,8.19474369484724e-18
1226,0.13345432149744482
1227,0.5859524730327831
1228,0.10744712135124472
1229,0.7095212371877736
1230,0.001410328959176744
1231,0.06265197717521269
1232,0.3416788522706862
1233,0.11859572165030158
1234,0.425740593244022
1235,0.09564635669378709
1236,0.001688025589894911
1237,0.3131587435983617
1238,0.0006832668233596792
1239,0.0021929091467796187
1240,0.0018378698098796135
1241,1.137377187073498e-06
1242,0.453778027226258
1243,2.1384615993590467e-07
1244,0.04982008299894534
1245,0.26156203248266013
1246,0.001084784414810572
1247,0.11963186069372984
1248,0.00863492648581385
1249,0.7550534690265904
1250,0.00014355235374409662
1251,4.625919497847892e-05
1252,0.0018181747644325933
1253,0.03322130147726483
1254,0.20499469070211418
1255,0.1602297116815198
1256,0.7258692096551544
1257,0.00013068820985614438
1258,1.1175625394885796e-05
1259,0.8811283872230823
1260,0.1849003839412404
1261,4.1784739504556046e-05
1262,0.027070840269258246
1263,0.0352698929077317
1264,0.015845330902649578
1265,0.4752475490187563
1266,0.00015391460615537153
1267,0.0009997426417908757
1268,3.1001040510737196e-06
1269,0.0004315304152804239
1270,0.07077981128970486
1271,8.136392738429492e-06
1272,4.12658889588494e-07
1273,0.0020896430814719203
1274,0.03850697727654726
1275,0.1173002653310073
1276,0.0006123902245937636
1277,0.595174583691296
1278,0.5026173302574914
1279,0.1270539189812266
1280,0.0035773726974087936
1281,0.002053000187326951
1282,0.0004898846579539052
1283,0.0006688366690751892
1284,0.024097974882301938
1285,0.5325231244451883
1286,0.00353099354745479
1287,0.004295848495385467
1288,0.8243701655256882
1289,0.00045113048587463864
1290,0.9731636324145017
1291,0.005462408219208068
1292,0.0015466570353907519
1293,2.3186156173298755e-05
1294,0.19009072905960803
1295,0.9238990179156847
1296,8.813408205690002e-05
1297,0.1365884511763297
1298,0.007842041035626435
1299,0.0004966090999621481
1300,0.8610264591902618
1301,0.34941692858545925
1302,0.00040958117506526324
1303,3.942554716192773e-05
1304,0.2655804222479467
1305,6.88621908475449e-05
1306,0.023651678258676305
1307,0.6783240840981385
1308,1.2852000200448531e-05
1309,0.0012680601876471928
1310,0.9751948435658855
1311,0.3176200226253212
1312,0.00020038428774375844
1313,0.046652648045893856
1314,0.0001639958249429341
1315,0.1978017759688521
1316,0.0015106576231039164
1317,0.004105318945044195
1318,0.002591524439271952
1319,6.098406214607463e-07
1320,0.005792049001415923
1321,9.739682084193454e-11
1322,0.003208025216539339
1323,0.5306204194527383
1324,0.8764525141930212
1325,0.0004467542274544526
1326,2.648189634469065e-05
1327,0.10037158664679434
1328,0.0011621019114728616
1329,0.3974604540165826
1330,0.7907640540190559
1331,0.4525139821832087
1332,0.4563012375885489
1333,5.539874972198411e-05
1334,0.00033458393384303394
1335,3.1452617649766536e-07
1336,0.3031177369343919
1337,0.03358069666173534
1338,0.08872007414911237
1339,3.2381550754377645e-05
1340,0.0023884718341999887
1341,5.611072762983635e-06
1342,4.604455960302993e-07
1343,0.2567363630243133
1344,0.0006749597420652997
1345,0.00011170262699164606
1346,0.8022238412264429
1347,0.0054592700413060875
1348,0.09251941654227362
1349,0.017801326595743905
1350,9.181468393304924e-07
1351,0.28206981557781
1352,0.8714653895718483
1353,0.9506365691689357
1354,0.006663344718009679
1355,0.020422828619834882
1356,0.634501721124521
1357,0.08642080818090458
1358,0.07539318584750733
1359,0.2050022170178297
1360,0.2832486733952719
1361,0.8236853038670356
1362,0.09327033237426718
1363,0.00033341544536595553
1364,0.24668676084297064
1365,0.03603630919320484
1366,0.034416992821539684
1367,0.008601535583509574
1368,0.8505007979722192
1369,0.005729359768877159
1370,0.1685117731802433
1371,0.0008516166523101453
1372,0.025668324908883714
1373,0.012594881238479547
1374,0.0022504874957531935
1375,0.0036196098598681543
1376,1.8208104050121186e-05
1377,0.0004370475164349286
1378,0.9118175252303651
1379,0.16440336110166934
1380,0.019876401497522563
1381,0.001367953273517036
1382,0.059669292584369885
1383,0.06590281703975198
1384,0.05052810068856673
1385,0.006262746152453151
1386,0.6614543068164452
1387,6.644127199116613e-05
1388,0.20940919620427248
1389,0.06471532155376697
1390,0.6946631092122533
1391,0.007086368864952348
1392,0.1271991359697985
1393,0.030164063936333498
1394,0.45497267223242677
1395,0.00012170890510081519
1396,0.039000520700592775
1397,0.026854786152112172
1398,0.9018537885947565
1399,0.010110499279344633
1400,0.041121122129782854
1401,1.3877771199586609e-05
1402,0.8893214863880975
1403,0.007865388831634772
1404,0.07985366225280799
1405,0.028621520994199914
1406,0.012733617501009717
1407,0.31475836455099215
1408,6.618759020943339e-05
1409,0.0014022615599148134
1410,0.3947167939890493
1411,0.040478817075227734
1412,0.0002011238560763819
1413,0.22862042116763337
1414,0.05032762181585857
1415,0.16795157293287313
1416,0.0214688529917368
1417,0.08930411062313265
1418,0.004431539593487948
1419,0.8381355948076294
1420,0.00010763683492893684
1421,0.01662771995914922
1422,0.3524875112276314
1423,0.002573330522475132
1424,6.6047774180505e-05
1425,0.005170424227433561
1426,0.23052104610336968
1427,1.9174193029672366e-06
1428,0.006468449099722816
1429,0.29770217671026894
1430,0.007512727528010833
1431,0.4157899616005225
1432,0.020833957321652406
1433,1.6894646803995862e-05
1434,0.06217445923272548
1435,0.05751657685436364
1436,0.004836307098718366
1437,0.00010938399742878298
1438,0.0013486948776210144
1439,0.970773978701693
1440,0.002670138663210721
1441,9.446403836497656e-06
1442,0.5664448171233775
1443,0.07700574338108152
1444,0.017929923857872454
1445,0.17116001331129702
1446,0.0003603364493081516
1447,2.0224174507021177e-09
1448,0.12295483365731494
1449,0.6336344672305797
1450,1.5344986816716561e-06
1451,0.0018695195233029778
1452,0.05840641252280319
1453,0.6130684239006317
1454,0.01947427163977567
1455,0.0008451138914752624
1456,0.0030195874871105097
1457,0.2651870057270675
1458,0.5871134204415756
1459,0.05058321267027841
1460,0.00012023032181875585
1461,6.888231605709988e-05
1462,0.1235070122065625
1463,0.0046057539120014255
1464,0.02051247664133386
1465,3.220615117988116e-08
1466,0.00023845225012278614
1467,0.9957034654227912
1468,0.03382009257469376
1469,0.8799286507880576
1470,5.427496160317933e-07
1471,1.3940995521049684e-05
1472,0.6479758156677599
1473,0.0013031376824873195
1474,0.41982299132706213
1475,0.9974007078164197
1476,0.0001849776959994561
1477,8.68151441865141e-06
1478,3.005613447378145e-07
1479,0.6136108806732964
1480,2.0850986822705036e-07
1481,0.40469741333362663
1482,4.4406914026595095e-05
1483,0.0003786313867729655
1484,0.209254760657765
1485,1.0017087391561307e-06
1486,0.26454298385218306
1487,7.944701242890197e-05
1488,0.00931930063369558
1489,0.0024155997127337046
1490,0.07539358886636911
1491,0.02332975619218281
1492,0.6584367054126634
1493,0.0034816405621844234
1494,0.08486937776846185
1495,2.664330097300257e-07
1496,0.0036867009095775203
1497,0.972558643313428
1498,0.06736702503600586
1499,0.6118433218517318
1500,0.9221417864838134
1501,0.07153968312375765
1502,4.596750993404786e-06
1503,0.3726205458495933
1504,7.117822653935414e-05
1505,0.3659945128229814
1506,0.008000441828210686
1507,0.835832087988624
1508,0.00011460138523805773
1509,0.23597185659060074
1510,0.4177871757610048
1511,5.4166835485945675e-05
1512,0.059927305280675296
1513,0.6227559460926342
1514,0.003029599260464986
1515,0.03178672425391194
1516,0.8044356055178579
1517,0.00015330203368771775
1518,0.476955095990135
1519,0.0018169053214405044
1520,0.07013062225346703
1521,0.9623866921070231
1522,0.001147877310281218
1523,0.03739075186194925
1524,2.7920337109008377e-07
1525,0.6768952368658373
1526,0.006064859321696639
1527,0.0044887053226494444
1528,0.006339247283630035
1529,0.00120942254073218
1530,0.0046510381362587306
1531,0.6860900730371218
1532,2.325377590644133e-09
1533,0.034093612327857285
1534,0.7513619794411496
1535,0.06747433697905968
1536,0.09585899698513961
1537,0.007532289050388345
1538,0.027418013775091038
1539,0.015182211186839613
1540,0.0017049936298557835
1541,0.0005506492860829239
1542,0.0468709917880779
1543,0.0004617532879812924
1544,0.4758797465964987
1545,0.3960025232517148
1546,0.01218480368812728
1547,0.010573201701480487
1548,0.029881994026892695
1549,1.4050147863851598e-05
1550,0.005855002285798865
1551,4.604439390450887e-07
1552,0.010381885721165402
1553,0.00018677061543118535
1554,0.001590134684522884
1555,1.3911346342619438e-08
1556,0.0030372663245279417
1557,0.003505307060505093
1558,0.08732588249840421
1559,0.04876723021739506
1560,0.00340044252147726
1561,9.398716015975284e-05
1562,0.0005158925442009698
1563,0.733267335732808
1564,0.3433257401453382
1565,0.005254832826665763
1566,0.0408035027070071
1567,0.9368969458131445
1568,0.002339572011752444
1569,0.2014837904280124
1570,0.00028944614911637637
1571,0.0007166175459470928
1572,0.000695257640037008
1573,0.0003395787084373496
1574,0.6006382164880367
1575,0.00022164802551178183
1576,0.6853853193555387
1577,1.430974213934261e-05
1578,0.27357770301193335
1579,3.256003615024736e-05
1580,0.010740061988681828
1581,0.0005873528892616878
1582,0.00012394995560659528
1583,0.9947058545302294
1584,0.28422205023520153
1585,0.01140485053795311
1586,0.002497695534615671
1587,0.7231500158441577
1588,0.32904530894387823
1589,0.002803313662146204
1590,9.61650489158761e-09
1591,1.6820637672331024e-05
1592,0.0028174016448122867
1593,0.03246449148157242
1594,0.09323463144970368
1595,0.005603151154857759
1596,0.5626844498668143
1597,0.1608055525807667
1598,2.0615629827297045e-05
1599,0.004543767976138113
1600,0.008176066569645297
1601,2.4482987876927255e-07
1602,0.0027288271150312103
1603,0.003955040956044119
1604,0.009854932049963166
1605,0.010300647630843169
1606,0.9429618789690777
1607,2.8023132872493607e-08
1608,0.0005946793685716765
1609,0.015232810668036485
1610,0.004007178910516602
1611,0.0016736329698992926
1612,0.008722386327749642
1613,0.001505005165090626
1614,0.00033657640331147433
1615,0.0002552763444498418
1616,0.24112865108549228
1617,0.003933549788401104
1618,0.02542354681625452
1619,0.4832273231372751
1620,0.0017595314851421692
1621,0.00012979431215940154
1622,0.8879537766845887
1623,2.4103868438353286e-05
1624,0.0036106195188438197
1625,0.001721827137226832
1626,0.3336668071933176
1627,0.011031646252485325
1628,0.0018554685475692433
1629,0.030936914587518058
1630,0.008734888959454751
1631,0.00768254092461589
1632,0.17502987386936383
1633,0.009647596191467675
1634,7.814012254083434e-05
1635,0.9221262757381944
1636,1.7369890050155251e-06
1637,0.0017971263274940562
1638,0.005069751427586598
1639,0.009128297389506044
1640,0.00017618385860704162
1641,0.012003084395835542
1642,0.2600421280941672
1643,0.08110349701605453
1644,0.027635510034661085
1645,4.8464388357914765e-05
1646,7.608572507112006e-05
1647,0.19646906287888252
1648,0.0007670773804580215
1649,0.055620773942791704
1650,0.00627341448880192
1651,0.006046178778934651
1652,0.001514587753721593
1653,0.1029785382324903
1654,0.007325225198944731
1655,0.21407400759139045
1656,0.00028295847093959254
1657,0.0022710763801974416
1658,4.722426364642874e-06
1659,0.6294565868676423
1660,0.0014072943221251247
1661,0.014078133327498752
1662,0.0014135371653258896
1663,0.0002968546653438362
1664,0.3431781619242724
1665,2.5288157396751763e-05
1666,7.953861170634516e-06
1667,0.0023009450751307085
1668,0.0004874764414928389
1669,0.107622948127451
1670,0.01714795441521387
1671,0.04070436323738951
1672,0.004765933792064377
1673,0.14636846467443373
1674,0.0007215951356030124
1675,0.18870725710104158
1676,0.028301469752830384
1677,6.934893924560419e-05
1678,0.4741390393222279
1679,2.5318453370540868e-05
1680,0.03686784185090789
1681,0.38833074632595266
1682,0.0033652561367964718
1683,0.08175926268998548
1684,0.17990167766538467
1685,0.021598826816952278
1686,0.09006884321226862
1687,0.9107328304768249
1688,0.05716325430440887
1689,0.22170940540067952
1690,0.005025491058188856
1691,0.639901374506623
1692,1.956754658948616e-05
1693,0.09621218415670524
1694,0.00015999630269677496
1695,0.2640677632473653
1696,0.038981370538425625
1697,0.1655677746034148
1698,0.005362536960148985
1699,0.023028215609252285
1700,0.8196674717195007
1701,1.5476721021345487e-06
1702,0.18777908289390632
1703,0.0009189820029365098
1704,0.011058384232910378
1705,0.7223964638942025
1706,0.010478319320644634
1707,0.0003102058129513158
1708,5.1215949589263514e-05
1709,0.0016164484706749755
1710,0.34144727936670083
1711,0.00038498863595548414
1712,0.012864096478414385
1713,6.644439623353588e-06
1714,0.3013108082881411
1715,8.898681307471365e-07
1716,0.02430719586405757
1717,0.5932639916239718
1718,8.369421672534908e-05
1719,0.002383205993565732
1720,5.328496455588733e-06
1721,0.0006736343524636149
1722,0.00031904724732457346
1723,0.17035583271633975
1724,8.674661329992964e-06
1725,0.0017642578300403804
1726,0.01751796195478853
1727,0.5123711143857587
1728,0.9518814640106851
1729,3.931961074239931e-05
1730,4.381222987424767e-07
1731,0.7182575585650716
1732,0.00015052177334351022
1733,3.1916173367207396e-09
1734,0.11262957770851875
1735,0.0001632983402522529
1736,0.0877547168159565
1737,0.0007349066296371493
1738,0.0010481264391945845
1739,0.05987847566055106
1740,0.0009786902390104444
1741,0.18023089268564188
1742,0.8428692375004408
1743,0.0005746807740363264
1744,0.13025275632504577
1745,0.06657701242470801
1746,0.0011260221669871825
1747,0.11069708076978531
1748,0.4346159306190284
1749,0.2934279149191761
1750,0.00013686684470599564
1751,0.10467009599907742
1752,0.001268814391004937
1753,0.2376146270412389
1754,0.11050421113841362
1755,0.0011140883835238028
1756,0.0007691639516143036
1757,5.427701319274868e-05
1758,0.3707840841762687
1759,8.96840578024632e-06
1760,0.025693403983332058
1761,0.004585409957003434
1762,0.3512289597781473
1763,1.1262512625428385e-05
1764,0.788906582146549
1765,0.2937825665267205
1766,0.4831896668324101
1767,5.3448705453985735e-05
1768,1.2128942245207573e-05
1769,0.9603780712426021
1770,0.4232298134720734
1771,0.015063562193834316
1772,0.04546276791571571
1773,0.05019741275108331
1774,8.281008109476391e-05
1775,0.2255711643642393
1776,0.054249930568513106
1777,0.3963495365162107
1778,0.036575614680896394
1779,1.910225534996404e-27
1780,0.15348596441024742
1781,0.0020096106343794515
1782,0.005709098790415419
1783,0.004899629276710313
1784,0.00012756690902869275
1785,0.005408225708772759
1786,3.3084649055619405e-06
1787,0.036349336109927945
1788,0.6611938929862614
1789,0.2135405219189047
1790,0.5362894377223265
1791,0.005578246102863813
1792,0.03815051409131824
1793,0.9514422894127742
1794,0.021624782205482012
1795,0.015936437983653667
1796,0.00015808244057307947
1797,0.5944493033013315
1798,0.9218677056705376
1799,0.00011460812752826877
1800,0.12111097260667023
1801,0.0007158017732812715
1802,0.43121507451665025
1803,0.031512028369922125
1804,0.024907381547257666
1805,0.8172220784149108
1806,1.7216731583880128e-05
1807,0.5958983884638229
1808,0.002807102049486809
1809,0.09633430478949193
1810,0.007638092399572729
1811,0.002746660983459418
1812,0.05336697909787309
1813,8.170177962816114e-06
1814,0.07333870422770629
1815,0.0007357430802633592
1816,0.1673815056518047
1817,0.0009346890030990408
1818,0.6370544901892634
1819,0.02055788209409397
1820,0.8083247705057601
1821,7.795999360556184e-07
1822,5.385623825682368e-05
1823,0.005859534479106866
1824,0.000495850423064115
1825,9.527355593321598e-09
1826,0.01800074596322713
1827,0.002011643738825896
1828,0.941394696637376
1829,3.548661256030804e-05
1830,0.10450900359844474
1831,0.024064736454809995
1832,0.0036628815748393274
1833,0.027153815519978558
1834,0.0003050650869946023
1835,0.8063799849311023
1836,0.018407976191704478
1837,0.062312723606176096
1838,0.00695533754978541
1839,0.12772510030761242
1840,0.928817999147347
1841,2.775699054399004e-05
1842,0.98698072014371
1843,0.024853768403726537
1844,0.025071618550253773
1845,0.0014617480651823846
1846,0.001458163139605416
1847,0.4107317921243306
1848,0.5587498652008096
1849,2.9801503580508153e-14
1850,0.06885192618223074
1851,0.5418851688786517
1852,0.0006071141734748331
1853,0.0001161311964147919
1854,0.009741691244649074
1855,0.10916923186385505
1856,0.003973053477283925
1857,0.5518228175232185
1858,0.7428459862986929
1859,0.0002901716518711316
1860,0.0245648726338063
1861,0.9416296639535333
1862,0.06467208547818903
1863,0.003836108610744231
1864,0.010065102900921885
1865,0.0005870949185836685
1866,0.3089855079763493
1867,0.04113035195934306
1868,0.031687087339141384
1869,0.03782820925362256
1870,0.0025885049519489257
1871,4.135996435773523e-16
1872,0.0008022472720498789
1873,0.08718471533541308
1874,0.7100272651378012
1875,0.016732230168811684
1876,0.6624241241141697
1877,1.8232753471515165e-05
1878,0.612502026583966
1879,0.05733476495338014
1880,0.0030635170858481038
1881,0.8367550317804344
1882,0.0008793342067425369
1883,0.11678913838766648
1884,0.6480911270720673
1885,0.00315396874009466
1886,0.014088846189027848
1887,0.043692605152175976
1888,0.00025962227801881
1889,0.32883352081840145
1890,0.6826613745656236
1891,0.008684891894572604
1892,5.735907969125342e-07
1893,0.3445614977129149
1894,0.5773966275935476
1895,0.062142243807411526
1896,8.495749852026941e-08
1897,0.5068973914524361
1898,0.0009031461566134417
1899,5.066451875341827e-06
1900,0.2560333378320652
1901,0.7251646168335995
1902,0.00025539531911244475
1903,0.319065291299976
1904,0.9853242219105655
1905,0.002605229221451305
1906,1.4952863614437093e-11
1907,0.20625497398087733
1908,0.0002655958070650195
1909,0.30238249519200394
1910,0.01630883506419247
1911,0.0031484713565598297
1912,0.9554668363560892
1913,0.4707205007743457
1914,0.05836266410809222
1915,0.970336531519287
1916,0.0009044311152218471
1917,0.1337999596949345
1918,0.9189058210597173
1919,0.6724155637365314
1920,0.056167063827335016
1921,0.0022603108505057103
1922,0.08374175459242963
1923,0.010166501244738115
1924,0.6569334671697457
1925,0.04147096278480592
1926,0.5606178016045177
1927,2.2725046335539777e-09
1928,0.00045501817969191495
1929,2.6134473643891157e-07
1930,0.059776459273342145
1931,0.00016013226747309698
1932,2.6471399739828064e-08
1933,0.00010449489370645637
1934,0.02792554816278648
1935,0.08860147151406829
1936,0.0001679361119009244
1937,0.2735394884504554
1938,0.006465574892056643
1939,8.94835280644934e-05
1940,0.07154091473375847
1941,0.050022545146855016
1942,0.3151690710173368
1943,6.228595609649127e-06
1944,0.013721686721800217
1945,0.004732594313746994
1946,0.8863689284322864
1947,0.5444189399872962
1948,0.07936706078023596
1949,0.015987125512248828
1950,0.0007556649375917257
1951,0.0012215864598739503
1952,0.9777395822415538
1953,0.011163727994416442
1954,0.6033604959748278
1955,0.0011812767394189891
1956,0.060710246287494996
1957,0.011116801605690377
1958,0.4385711447595632
1959,0.6949158504682423
1960,0.006819025159975673
1961,2.35347388465467e-05
1962,0.21533695370178207
1963,2.9689694075330426e-05
1964,0.004644558725442287
1965,0.0026513335411976306
1966,0.05454101005569291
1967,3.476633151501089e-05
1968,0.009782679663061431
1969,0.4531964698318045
1970,0.21748712185019328
1971,0.0552245474374359
1972,0.0053108584107171685
1973,0.00695215171299631
1974,0.007258880767312544
1975,0.00015285744138215799
1976,0.00016384333016561465
1977,0.4781112949943441
1978,0.314018476799229
1979,0.00023722837516381508
1980,0.4290582079539029
1981,0.3979239436288114
1982,0.11580384280295693
1983,0.00014123161807966884
1984,0.2530434098997189
1985,0.00019292602627334993
1986,0.0379434015890889
1987,0.18190557365515475
1988,4.651144684464365e-05
1989,0.241966176513061
1990,0.2061848487238624
1991,0.0002813167287247253
1992,0.0015818262791812904
1993,6.005459063603368e-06
1994,0.01933852564706405
1995,0.19892658038503722
1996,0.01004150354510945
1997,0.9995461418894397
1998,0.001398601603302238
1999,0.0012620563134680552
2000,0.035067945439633603
2001,1.5070628485974387e-07
2002,0.01621983971850515
2003,0.09891494386069359
2004,0.10094836611122694
2005,0.01231001643671144
2006,0.1119685899942766
2007,7.091986022166735e-07
2008,0.0036853041702778243
2009,7.626497561370322e-07
2010,6.72403383647929e-06
2011,0.03642909618812464
2012,0.005071239887480392
2013,0.009349080216457634
2014,0.043002654707621144
2015,0.8258001953596347
2016,0.6635577860098671
2017,1.5755889412189258e-10
2018,0.020707888664178064
2019,0.0011360922229910278
2020,0.0022921313738118983
2021,0.0015099257511664737
2022,0.0016611691889548165
2023,0.009618806851865756
2024,0.24432169272134976
2025,0.02285272336077402
2026,0.8392787148056968
2027,0.007465032342275764
2028,9.293274028211563e-05
2029,0.0033782139816900553
2030,0.9487730780226897
2031,0.11820312402115868
2032,0.6880082271738984
2033,0.022707181168793694
2034,4.3372312039677743e-07
2035,1.1249905197752096e-05
2036,3.827557700296437e-06
2037,0.00011904863814214246
2038,8.820874141688055e-05
2039,0.000203062562295206
2040,0.030904124997335726
2041,0.6561998600280297
2042,2.2464024615448094e-05
2043,2.5247696873123614e-06
2044,5.790415893977766e-09
2045,2.0675609538057424e-12
2046,0.06226834350499518
2047,0.0007730313798837227
2048,6.708925224274833e-05
2049,0.21485941904353636
2050,0.1313028420238931
2051,0.5955333634403737
2052,0.00048517601354944583
2053,0.0029873161825324447
2054,0.09082541519089855
2055,0.7701046488377872
2056,1.3120966582804256e-05
2057,0.10930463458469941
2058,0.19910868624163083
2059,0.0004736953121018362
2060,0.06594969387639531
2061,0.0026979237334272804
2062,0.04604532530081085
2063,0.0011444104225439896
2064,0.9574142056384369
2065,0.00011851718132207704
2066,0.001457172461928754
2067,8.554323489763584e-08
2068,0.09915756169768819
2069,0.11900708737081866
2070,2.157937045571718e-06
2071,0.2406165401867556
2072,1.3998624126225484e-05
2073,2.5483873298800762e-06
2074,0.02052953469410264
2075,8.394203094100932e-08
2076,0.04773222438431653
2077,0.00014271375619069815
2078,0.024359462188216344
2079,0.19886478947701866
2080,0.0005031665593066714
2081,0.00014366543855027448
2082,0.02115951858335546
2083,0.5911421290684219
2084,0.000366497570138096
2085,0.07772299429802913
2086,0.050208851165123726
2087,0.0005003506511896467
2088,0.000299622174151812
2089,6.671632521390699e-13
2090,0.1396662230460478
2091,8.882890239526456e-07
2092,0.8441188697914686
2093,0.016851303134317847
2094,0.24936375673833813
2095,3.3478989948681746e-06
2096,6.027067535210437e-05
2097,0.028292373870420193
2098,0.03238134171289961
2099,0.0008186003841498391
2100,0.15116581581446495
2101,1.1544184318833453e-08
2102,0.000911083871052436
2103,0.021148994177333225
2104,0.01817843670402771
2105,0.03294879345134337
2106,0.0010203385551951266
2107,6.690736830910335e-05
2108,0.32159195131094026
2109,9.727519721321037e-05
2110,0.001113069729644251
2111,0.16854267155578248
2112,0.8730047353574096
2113,0.001809448060574197
2114,0.004743211950761006
2115,0.03359884921743395
2116,0.02049939904335728
2117,0.19506999358745952
2118,3.7530964324018256e-05
2119,8.402005255070291e-05
2120,0.3232777688861001
2121,0.004724911260692443
2122,0.03814626861384513
2123,0.02689954262961558
2124,0.04373331496475185
2125,2.858543105595173e-10
2126,0.007118564213450152
2127,0.038646445134581
2128,0.016641219481687383
2129,3.023342194428707e-08
2130,4.760053400270989e-05
2131,0.3503602414592688
2132,0.002890990097928031
2133,0.21659131724864625
2134,0.0012969266362794984
2135,0.20838702255561498
2136,2.8650633426513146e-07
2137,0.002119499015991886
2138,0.0001616279619779737
2139,0.001664090677006524
2140,0.0010246264036506791
2141,0.2731697518791618
2142,0.00019009957783629864
2143,0.687779003393781
2144,0.2604776932269102
2145,0.2970928232813568
2146,1.7271345647983147e-05
2147,0.03598830988209621
2148,5.479765671222038e-06
2149,0.0019184391222771633
2150,0.003614100182668158
2151,4.5602884113900805e-05
2152,4.092048600457296e-05
2153,0.4436665847840465
2154,0.7019171222447729
2155,0.0020277198060610364
2156,9.061781292994422e-16
2157,0.18874241382994084
2158,0.007118540855219402
2159,0.00020754973335488107
2160,0.038240325700495785
2161,0.06409356992418822
2162,0.00023634138475830968
2163,0.028912824886975233
2164,0.9997731293614843
2165,0.005383868416251301
2166,0.00020334308377648657
2167,2.5275677763782867e-08
2168,0.6612518662217903
2169,0.3191439794951586
2170,0.2827328328524612
2171,1.6638541641279197e-05
2172,0.0009599919643154938
2173,0.05790404675369306
2174,0.00018286506470731456
2175,0.12185003029228869
2176,3.913671131737257e-05
2177,0.010510690212536927
2178,0.003338537792513552
2179,6.224769054245829e-05
2180,0.007080878891273003
2181,0.000714522902675284
2182,6.329936359981783e-05
2183,0.02064203869981899
2184,0.010044920415423922
2185,0.008347359863127148
2186,0.007268751528609713
2187,0.06412525845808745
2188,0.6499244169386328
2189,0.006152258574439047
2190,0.03834880849323052
2191,0.0005294619450024653
2192,0.549642954915199
2193,0.006675102801253039
2194,4.468396021309165e-11
2195,0.9292651228082082
2196,0.8120706921272901
2197,0.5344814996820832
2198,1.8815066781288136e-05
2199,5.021900875940635e-08
2200,0.7683167496734677
2201,0.007664769524645718
2202,0.00010969762713073852
2203,0.014970224176290313
2204,0.5559321468202758
2205,0.026964775218421794
2206,0.0016161184268164636
2207,0.00885870081043947
2208,0.0016090341782036758
2209,0.2229611366500012
2210,0.005130942979712435
2211,0.10350675761420476
2212,3.112083758268141e-10
2213,7.88678150005104e-06
2214,0.0015359843627560494
2215,0.0029016888546379883
2216,0.005272831671953208
2217,2.5403445554598266e-05
2218,0.6223239398728513
2219,0.5344891819643932
2220,0.3657127248021639
2221,0.014858369641486067
2222,0.000619229291252195
2223,0.005075887078113412
2224,3.2319336900478394e-05
2225,0.001257626797211725
2226,0.42134122125143164
2227,0.005245658448540714
2228,0.05457767788948204
2229,0.0869598593411692
2230,0.911418192536072
2231,0.0030552685863624064
2232,0.028242178221008708
2233,0.0007299230166151418
2234,0.26534079826843215
2235,2.2391729868149886e-05
2236,0.0003129439491037677
2237,3.776424486615405e-05
2238,0.00016919389122314467
2239,0.001905047286256063
2240,0.006091137321669467
2241,0.008975570943276013
2242,0.08647086704321434
2243,9.346293998339916e-08
2244,0.05995222133535118
2245,0.9773665238155392
2246,3.330734301898061e-07
2247,0.1773066503918294
2248,0.4183156111236305
2249,1.9822357264104704e-05
2250,0.8578831010409271
2251,0.5352772563050463
2252,0.0005561086777982596
2253,0.08539575864620565
2254,0.41088126897042176
2255,0.001472739765205762
2256,0.4012699781575079
2257,0.03083565505167473
2258,0.37283977324861667
2259,0.01598262917439802
2260,0.006929510676630108
2261,0.23734814096898635
2262,0.923369589411195
2263,0.025468438930635398
2264,0.8983156932464748
2265,0.417552854725651
2266,1.5202601769437357e-05
2267,0.5355020988949609
2268,0.0008035611210543243
2269,0.5701617035137588
2270,0.0030017599646953827
2271,0.0003444580080850354
2272,0.4118739787838219
2273,0.005331944339550656
2274,0.2507259423751335
2275,0.001117535109514795
2276,0.0029050417971181156
2277,0.08244891774312618
2278,0.0011247822837007924
2279,0.9390732174546617
2280,0.34344955809472727
2281,0.9484482249146842
2282,0.6740321851772247
2283,0.35441157132525614
2284,2.2327884188518197e-06
2285,0.0377289766609116
2286,0.013476129525361265
2287,0.004250782788739311
2288,0.058468488223250965
2289,0.28494323275796585
2290,5.441890828388819e-08
2291,0.056597312800529744
2292,0.0002742175494729865
2293,0.0718278374942711
2294,6.946633585844623e-05
2295,0.0037672186969197447
2296,0.001283346769096001
2297,0.20270388623776325
2298,0.013598258655605799
2299,0.023068769859926456
2300,0.021676023667780753
2301,0.22510123612588634
2302,0.0009861235914597358
2303,0.03910787256018272
2304,0.004459957649683199
2305,0.0024468324767387925
2306,0.0017629239307597477
2307,0.060920597678281896
2308,7.279825216200675e-06
2309,0.0002189615073753183
2310,6.421586946662451e-06
2311,0.7056196149288386
2312,0.22716843366654918
2313,0.05262855067246208
2314,0.08087215010390712
2315,3.827442687946456e-06
2316,0.49054144008886325
2317,0.0062677820308343546
2318,0.26034803771709913
2319,0.0003121877094598432
2320,0.735597998049256
2321,5.5615354200590145e-05
2322,0.002425925722470682
2323,0.5815746972257753
2324,0.20794076278676712
2325,0.3818615016882378
2326,0.9227729295098022
2327,4.869071842501188e-06
2328,0.14149616275490245
2329,0.9540556903076155
2330,0.00016722543470670627
2331,0.0031843461792052637
2332,0.04449094201498026
2333,0.5454847181441295
2334,0.4289988963889622
2335,2.0327446606373462e-05
2336,0.0017801580756648674
2337,0.286537036530353
2338,0.044192103788775645
2339,0.02413362659400142
2340,8.039516527020008e-09
2341,0.37136981365464616
2342,0.024762292299052403
2343,0.0030291761194317286
2344,0.0030823371470099846
2345,0.010194738771127036
2346,0.00012854882166803735
2347,0.13531945054642155
2348,0.9896603032134071
2349,0.000551386162606647
2350,2.5583370863484017e-07
2351,0.2075385860325123
2352,0.08660353505098793
2353,0.06868122479423588
2354,8.387440584107305e-07
2355,0.00023011276487193332
2356,0.10302601660285991
2357,0.609421548585751
2358,2.0741077764236906e-06
2359,9.390755099155157e-05
2360,0.30245237462903946
2361,0.010970465351212787
2362,0.008682970728753897
2363,0.11824614534488015
2364,0.0016864779770506323
2365,8.84323630860564e-06
2366,0.9992061420125895
2367,0.005646932940896647
2368,0.044207004450694684
2369,0.31747868120184275
2370,0.00011141830690772036
2371,0.011579981645903008
2372,1.0
2373,3.144852905632298e-06
2374,0.9439250868416853
2375,0.0006037171395789228
2376,0.2525670408821102
2377,0.3507191862126699
2378,0.4604704001858283
2379,1.3827262107686309e-05
2380,0.001114506307385223
2381,0.7230552919790373
2382,0.003005230790807815
2383,0.0051438223926194284
2384,1.0207149609042448e-06
2385,0.0061777774368102865
2386,0.01883079254999116
2387,0.0002806291149045317
2388,0.0006240766167632263
2389,0.3228150652541818
2390,2.3559825676213906e-07
2391,0.006182875166597555
2392,1.1178127418495023e-06
2393,0.6689979484614914
2394,0.0733079964151061
2395,1.1248859399800207e-06
2396,8.777097441157407e-05
2397,0.0003609563084639912
2398,4.0654608651929496e-05
2399,0.01606911727788437
2400,0.14388743683494007
2401,0.0001863567771166905
2402,0.004633763683658815
2403,1.2751550282236946e-05
2404,0.0888020656780422
2405,0.4221421059284668
2406,3.898647436959725e-05
2407,3.3760803780868776e-05
2408,3.5922014364866576e-08
2409,0.004630019949067232
2410,0.0016622335080895372
2411,7.18054754067516e-05
2412,0.1642445462029573
2413,0.007038367664613477
2414,1.1846735338502506e-05
2415,0.0005833196198637966
2416,2.7366864731727093e-12
2417,0.0001464131984249877
2418,0.00027156027826269024
2419,0.0003862344141674047
2420,0.0001253609834085192
2421,4.090958451225972e-06
2422,0.2548358635348813
2423,0.00011392265397444625
2424,4.5410827234792243e-10
2425,0.06940774090716367
2426,0.10775692323334518
2427,6.800985455384475e-05
2428,0.005034841825974067
2429,0.012985029322867572
2430,0.1810394977172904
2431,0.5497297126463939
2432,0.00726060543354214
2433,0.015156197068799164
2434,6.884833111433539e-26
2435,0.22534879446658393
2436,0.004039403128193211
2437,0.25106436531332194
2438,0.004423661704702655
2439,0.0076788646191259195
2440,0.03297396822920795
2441,0.0067382727357735974
2442,0.00042971856749789156
2443,0.5308221713582426
2444,0.0044023673881048945
2445,7.823775059223828e-05
2446,0.0002629238351760947
2447,5.376540098534643e-07
2448,7.496936003157113e-06
2449,0.00019160300024641163
2450,5.787146444406875e-05
2451,0.08568564214799616
2452,0.1994161015151313
2453,0.007724479595082117
2454,0.9584222339252731
2455,0.00018220162967065074
2456,3.3250100712865413e-07
2457,0.9754662084587721
2458,0.3740680062530667
2459,4.814294464218341e-05
2460,0.042338537326508184
2461,8.416858775151648e-05
2462,0.009092026371556029
2463,0.0015661024218853483
2464,0.0069214711184712495
2465,0.016949416670108807
2466,0.052792645239501654
2467,1.5128599809548819e-06
2468,0.011586319799136132
2469,0.0014699576426874395
2470,0.006652427352231524
2471,0.015223841202956606
2472,9.240394016145935e-05
2473,0.5923552869084494
2474,0.0005385263177513577
2475,0.6399496331407329
2476,0.0032820700065992895
2477,0.0031148604228408874
2478,0.9235286206447408
2479,0.048707433486244595
2480,0.001799342417948763
2481,0.007365942768580187
2482,0.002577733482334318
2483,0.3954717647281016
2484,0.023161511202280737
2485,0.0012141078710550663
2486,0.0003442112284197881
2487,0.0016909803287247858
2488,8.550883573209632e-07
2489,2.455620238802486e-07
2490,0.012845195443471328
2491,0.25994005144686827
2492,7.399201360955946e-05
2493,0.15913827879822232
2494,0.001177563128654219
2495,0.005907430409337497
2496,0.9710704290485955
2497,0.09844693609718749
2498,2.8371959406413188e-05
2499,0.16683248653367894
2500,0.02339635718064013
